family,expert_a,expert_b,mean_acc_a,mean_acc_b,approx_overlap_lower,approx_overlap_upper,note
F,attention,attention_v2,0.75,1.0,0.75,0.75,Approximate independence assumption; exact requires predictions.npy per architecture
R,attention,attention_v2,0.4861111144224803,0.49166667461395264,0.0,0.4861111144224803,Approximate independence assumption; exact requires predictions.npy per architecture
C,attention,attention_v2,0.5083333452542623,0.8972222010294596,0.4055555462837219,0.5083333452542623,Approximate independence assumption; exact requires predictions.npy per architecture
FR,attention,attention_v2,0.6500000059604645,0.7555555701255798,0.4055555760860443,0.6500000059604645,Approximate independence assumption; exact requires predictions.npy per architecture
RC,attention,attention_v2,0.49166666467984516,0.4999999900658925,0.0,0.49166666467984516,Approximate independence assumption; exact requires predictions.npy per architecture
FC,attention,attention_v2,0.6583333412806193,0.7444444497426351,0.4027777910232544,0.6583333412806193,Approximate independence assumption; exact requires predictions.npy per architecture
FRC,attention,attention_v2,0.5388888915379842,0.6638888915379842,0.2027777830759685,0.5388888915379842,Approximate independence assumption; exact requires predictions.npy per architecture
F,attention,graph,0.75,1.0,0.75,0.75,Approximate independence assumption; exact requires predictions.npy per architecture
R,attention,graph,0.4861111144224803,0.6555555462837219,0.14166666070620226,0.4861111144224803,Approximate independence assumption; exact requires predictions.npy per architecture
C,attention,graph,0.5083333452542623,0.524999996026357,0.03333334128061938,0.5083333452542623,Approximate independence assumption; exact requires predictions.npy per architecture
FR,attention,graph,0.6500000059604645,0.7305555542310079,0.3805555601914725,0.6500000059604645,Approximate independence assumption; exact requires predictions.npy per architecture
RC,attention,graph,0.49166666467984516,0.5722222228844961,0.0638888875643413,0.49166666467984516,Approximate independence assumption; exact requires predictions.npy per architecture
FC,attention,graph,0.6583333412806193,0.9805555542310079,0.6388888955116272,0.6583333412806193,Approximate independence assumption; exact requires predictions.npy per architecture
FRC,attention,graph,0.5388888915379842,0.7361111243565878,0.275000015894572,0.5388888915379842,Approximate independence assumption; exact requires predictions.npy per architecture
F,attention,joint,0.75,1.0,0.75,0.75,Approximate independence assumption; exact requires predictions.npy per architecture
R,attention,joint,0.4861111144224803,0.5444444318612417,0.030555546283721924,0.4861111144224803,Approximate independence assumption; exact requires predictions.npy per architecture
C,attention,joint,0.5083333452542623,0.9638888835906982,0.4722222288449607,0.5083333452542623,Approximate independence assumption; exact requires predictions.npy per architecture
FR,attention,joint,0.6500000059604645,0.7444444298744202,0.39444443583488464,0.6500000059604645,Approximate independence assumption; exact requires predictions.npy per architecture
RC,attention,joint,0.49166666467984516,0.5083333452542623,9.934107536579972e-09,0.49166666467984516,Approximate independence assumption; exact requires predictions.npy per architecture
FC,attention,joint,0.6583333412806193,0.9888888994852701,0.6472222407658894,0.6583333412806193,Approximate independence assumption; exact requires predictions.npy per architecture
FRC,attention,joint,0.5388888915379842,0.7388888994852701,0.2777777910232544,0.5388888915379842,Approximate independence assumption; exact requires predictions.npy per architecture
F,attention,joint_co,0.75,1.0,0.75,0.75,Approximate independence assumption; exact requires predictions.npy per architecture
R,attention,joint_co,0.4861111144224803,0.5638888974984487,0.050000011920928955,0.4861111144224803,Approximate independence assumption; exact requires predictions.npy per architecture
C,attention,joint_co,0.5083333452542623,0.9722222288449606,0.4805555740992229,0.5083333452542623,Approximate independence assumption; exact requires predictions.npy per architecture
FR,attention,joint_co,0.6500000059604645,0.7416666547457377,0.39166666070620204,0.6500000059604645,Approximate independence assumption; exact requires predictions.npy per architecture
RC,attention,joint_co,0.49166666467984516,0.522222230831782,0.013888895511627197,0.49166666467984516,Approximate independence assumption; exact requires predictions.npy per architecture
FC,attention,joint_co,0.6583333412806193,0.9972222248713175,0.6555555661519368,0.6583333412806193,Approximate independence assumption; exact requires predictions.npy per architecture
FRC,attention,joint_co,0.5388888915379842,0.7194444537162781,0.25833334525426244,0.5388888915379842,Approximate independence assumption; exact requires predictions.npy per architecture
F,attention,joint_co_d3,0.75,1.0,0.75,0.75,Approximate independence assumption; exact requires predictions.npy per architecture
R,attention,joint_co_d3,0.4861111144224803,0.6416666706403097,0.12777778506278992,0.4861111144224803,Approximate independence assumption; exact requires predictions.npy per architecture
C,attention,joint_co_d3,0.5083333452542623,0.9833333492279053,0.4916666944821677,0.5083333452542623,Approximate independence assumption; exact requires predictions.npy per architecture
FR,attention,joint_co_d3,0.6500000059604645,0.7083333532015482,0.3583333591620126,0.6500000059604645,Approximate independence assumption; exact requires predictions.npy per architecture
RC,attention,joint_co_d3,0.49166666467984516,0.6027777791023254,0.09444444378217054,0.49166666467984516,Approximate independence assumption; exact requires predictions.npy per architecture
FC,attention,joint_co_d3,0.6583333412806193,0.9805555542310079,0.6388888955116272,0.6583333412806193,Approximate independence assumption; exact requires predictions.npy per architecture
FRC,attention,joint_co_d3,0.5388888915379842,0.7472222248713175,0.28611111640930176,0.5388888915379842,Approximate independence assumption; exact requires predictions.npy per architecture
F,attention,mlp,0.75,1.0,0.75,0.75,Approximate independence assumption; exact requires predictions.npy per architecture
R,attention,mlp,0.4861111144224803,0.5749999980131785,0.0611111124356587,0.4861111144224803,Approximate independence assumption; exact requires predictions.npy per architecture
C,attention,mlp,0.5083333452542623,0.49166665474573773,0.0,0.49166665474573773,Approximate independence assumption; exact requires predictions.npy per architecture
FR,attention,mlp,0.6500000059604645,0.7222222089767456,0.3722222149372101,0.6500000059604645,Approximate independence assumption; exact requires predictions.npy per architecture
RC,attention,mlp,0.49166666467984516,0.48888887961705524,0.0,0.48888887961705524,Approximate independence assumption; exact requires predictions.npy per architecture
FC,attention,mlp,0.6583333412806193,1.0,0.6583333412806192,0.6583333412806193,Approximate independence assumption; exact requires predictions.npy per architecture
FRC,attention,mlp,0.5388888915379842,0.7583333452542623,0.2972222367922466,0.5388888915379842,Approximate independence assumption; exact requires predictions.npy per architecture
F,attention_v2,graph,1.0,1.0,1.0,1.0,Approximate independence assumption; exact requires predictions.npy per architecture
R,attention_v2,graph,0.49166667461395264,0.6555555462837219,0.14722222089767456,0.49166667461395264,Approximate independence assumption; exact requires predictions.npy per architecture
C,attention_v2,graph,0.8972222010294596,0.524999996026357,0.42222219705581665,0.524999996026357,Approximate independence assumption; exact requires predictions.npy per architecture
FR,attention_v2,graph,0.7555555701255798,0.7305555542310079,0.4861111243565879,0.7305555542310079,Approximate independence assumption; exact requires predictions.npy per architecture
RC,attention_v2,graph,0.4999999900658925,0.5722222228844961,0.07222221295038866,0.4999999900658925,Approximate independence assumption; exact requires predictions.npy per architecture
FC,attention_v2,graph,0.7444444497426351,0.9805555542310079,0.7250000039736431,0.7444444497426351,Approximate independence assumption; exact requires predictions.npy per architecture
FRC,attention_v2,graph,0.6638888915379842,0.7361111243565878,0.400000015894572,0.6638888915379842,Approximate independence assumption; exact requires predictions.npy per architecture
F,attention_v2,joint,1.0,1.0,1.0,1.0,Approximate independence assumption; exact requires predictions.npy per architecture
R,attention_v2,joint,0.49166667461395264,0.5444444318612417,0.03611110647519444,0.49166667461395264,Approximate independence assumption; exact requires predictions.npy per architecture
C,attention_v2,joint,0.8972222010294596,0.9638888835906982,0.8611110846201577,0.8972222010294596,Approximate independence assumption; exact requires predictions.npy per architecture
FR,attention_v2,joint,0.7555555701255798,0.7444444298744202,0.5,0.7444444298744202,Approximate independence assumption; exact requires predictions.npy per architecture
RC,attention_v2,joint,0.4999999900658925,0.5083333452542623,0.0083333353201549,0.4999999900658925,Approximate independence assumption; exact requires predictions.npy per architecture
FC,attention_v2,joint,0.7444444497426351,0.9888888994852701,0.7333333492279053,0.7444444497426351,Approximate independence assumption; exact requires predictions.npy per architecture
FRC,attention_v2,joint,0.6638888915379842,0.7388888994852701,0.4027777910232544,0.6638888915379842,Approximate independence assumption; exact requires predictions.npy per architecture
F,attention_v2,joint_co,1.0,1.0,1.0,1.0,Approximate independence assumption; exact requires predictions.npy per architecture
R,attention_v2,joint_co,0.49166667461395264,0.5638888974984487,0.055555572112401475,0.49166667461395264,Approximate independence assumption; exact requires predictions.npy per architecture
C,attention_v2,joint_co,0.8972222010294596,0.9722222288449606,0.8694444298744202,0.8972222010294596,Approximate independence assumption; exact requires predictions.npy per architecture
FR,attention_v2,joint_co,0.7555555701255798,0.7416666547457377,0.4972222248713174,0.7416666547457377,Approximate independence assumption; exact requires predictions.npy per architecture
RC,attention_v2,joint_co,0.4999999900658925,0.522222230831782,0.02222222089767456,0.4999999900658925,Approximate independence assumption; exact requires predictions.npy per architecture
FC,attention_v2,joint_co,0.7444444497426351,0.9972222248713175,0.7416666746139526,0.7444444497426351,Approximate independence assumption; exact requires predictions.npy per architecture
FRC,attention_v2,joint_co,0.6638888915379842,0.7194444537162781,0.38333334525426244,0.6638888915379842,Approximate independence assumption; exact requires predictions.npy per architecture
F,attention_v2,joint_co_d3,1.0,1.0,1.0,1.0,Approximate independence assumption; exact requires predictions.npy per architecture
R,attention_v2,joint_co_d3,0.49166667461395264,0.6416666706403097,0.13333334525426244,0.49166667461395264,Approximate independence assumption; exact requires predictions.npy per architecture
C,attention_v2,joint_co_d3,0.8972222010294596,0.9833333492279053,0.8805555502573648,0.8972222010294596,Approximate independence assumption; exact requires predictions.npy per architecture
FR,attention_v2,joint_co_d3,0.7555555701255798,0.7083333532015482,0.46388892332712794,0.7083333532015482,Approximate independence assumption; exact requires predictions.npy per architecture
RC,attention_v2,joint_co_d3,0.4999999900658925,0.6027777791023254,0.1027777691682179,0.4999999900658925,Approximate independence assumption; exact requires predictions.npy per architecture
FC,attention_v2,joint_co_d3,0.7444444497426351,0.9805555542310079,0.7250000039736431,0.7444444497426351,Approximate independence assumption; exact requires predictions.npy per architecture
FRC,attention_v2,joint_co_d3,0.6638888915379842,0.7472222248713175,0.41111111640930176,0.6638888915379842,Approximate independence assumption; exact requires predictions.npy per architecture
F,attention_v2,mlp,1.0,1.0,1.0,1.0,Approximate independence assumption; exact requires predictions.npy per architecture
R,attention_v2,mlp,0.49166667461395264,0.5749999980131785,0.066666672627131,0.49166667461395264,Approximate independence assumption; exact requires predictions.npy per architecture
C,attention_v2,mlp,0.8972222010294596,0.49166665474573773,0.3888888557751973,0.49166665474573773,Approximate independence assumption; exact requires predictions.npy per architecture
FR,attention_v2,mlp,0.7555555701255798,0.7222222089767456,0.47777777910232544,0.7222222089767456,Approximate independence assumption; exact requires predictions.npy per architecture
RC,attention_v2,mlp,0.4999999900658925,0.48888887961705524,0.0,0.48888887961705524,Approximate independence assumption; exact requires predictions.npy per architecture
FC,attention_v2,mlp,0.7444444497426351,1.0,0.7444444497426352,0.7444444497426351,Approximate independence assumption; exact requires predictions.npy per architecture
FRC,attention_v2,mlp,0.6638888915379842,0.7583333452542623,0.4222222367922466,0.6638888915379842,Approximate independence assumption; exact requires predictions.npy per architecture
F,graph,joint,1.0,1.0,1.0,1.0,Approximate independence assumption; exact requires predictions.npy per architecture
R,graph,joint,0.6555555462837219,0.5444444318612417,0.19999997814496373,0.5444444318612417,Approximate independence assumption; exact requires predictions.npy per architecture
C,graph,joint,0.524999996026357,0.9638888835906982,0.4888888796170554,0.524999996026357,Approximate independence assumption; exact requires predictions.npy per architecture
FR,graph,joint,0.7305555542310079,0.7444444298744202,0.4749999841054282,0.7305555542310079,Approximate independence assumption; exact requires predictions.npy per architecture
RC,graph,joint,0.5722222228844961,0.5083333452542623,0.08055556813875842,0.5083333452542623,Approximate independence assumption; exact requires predictions.npy per architecture
FC,graph,joint,0.9805555542310079,0.9888888994852701,0.9694444537162781,0.9805555542310079,Approximate independence assumption; exact requires predictions.npy per architecture
FRC,graph,joint,0.7361111243565878,0.7388888994852701,0.4750000238418579,0.7361111243565878,Approximate independence assumption; exact requires predictions.npy per architecture
F,graph,joint_co,1.0,1.0,1.0,1.0,Approximate independence assumption; exact requires predictions.npy per architecture
R,graph,joint_co,0.6555555462837219,0.5638888974984487,0.21944444378217076,0.5638888974984487,Approximate independence assumption; exact requires predictions.npy per architecture
C,graph,joint_co,0.524999996026357,0.9722222288449606,0.4972222248713176,0.524999996026357,Approximate independence assumption; exact requires predictions.npy per architecture
FR,graph,joint_co,0.7305555542310079,0.7416666547457377,0.4722222089767456,0.7305555542310079,Approximate independence assumption; exact requires predictions.npy per architecture
RC,graph,joint_co,0.5722222228844961,0.522222230831782,0.09444445371627808,0.522222230831782,Approximate independence assumption; exact requires predictions.npy per architecture
FC,graph,joint_co,0.9805555542310079,0.9972222248713175,0.9777777791023254,0.9805555542310079,Approximate independence assumption; exact requires predictions.npy per architecture
FRC,graph,joint_co,0.7361111243565878,0.7194444537162781,0.45555557807286595,0.7194444537162781,Approximate independence assumption; exact requires predictions.npy per architecture
F,graph,joint_co_d3,1.0,1.0,1.0,1.0,Approximate independence assumption; exact requires predictions.npy per architecture
R,graph,joint_co_d3,0.6555555462837219,0.6416666706403097,0.2972222169240317,0.6416666706403097,Approximate independence assumption; exact requires predictions.npy per architecture
C,graph,joint_co_d3,0.524999996026357,0.9833333492279053,0.5083333452542624,0.524999996026357,Approximate independence assumption; exact requires predictions.npy per architecture
FR,graph,joint_co_d3,0.7305555542310079,0.7083333532015482,0.43888890743255615,0.7083333532015482,Approximate independence assumption; exact requires predictions.npy per architecture
RC,graph,joint_co_d3,0.5722222228844961,0.6027777791023254,0.17500000198682164,0.5722222228844961,Approximate independence assumption; exact requires predictions.npy per architecture
FC,graph,joint_co_d3,0.9805555542310079,0.9805555542310079,0.9611111084620159,0.9805555542310079,Approximate independence assumption; exact requires predictions.npy per architecture
FRC,graph,joint_co_d3,0.7361111243565878,0.7472222248713175,0.4833333492279053,0.7361111243565878,Approximate independence assumption; exact requires predictions.npy per architecture
F,graph,mlp,1.0,1.0,1.0,1.0,Approximate independence assumption; exact requires predictions.npy per architecture
R,graph,mlp,0.6555555462837219,0.5749999980131785,0.23055554429690028,0.5749999980131785,Approximate independence assumption; exact requires predictions.npy per architecture
C,graph,mlp,0.524999996026357,0.49166665474573773,0.016666650772094727,0.49166665474573773,Approximate independence assumption; exact requires predictions.npy per architecture
FR,graph,mlp,0.7305555542310079,0.7222222089767456,0.45277776320775365,0.7222222089767456,Approximate independence assumption; exact requires predictions.npy per architecture
RC,graph,mlp,0.5722222228844961,0.48888887961705524,0.061111102501551384,0.48888887961705524,Approximate independence assumption; exact requires predictions.npy per architecture
FC,graph,mlp,0.9805555542310079,1.0,0.980555554231008,0.9805555542310079,Approximate independence assumption; exact requires predictions.npy per architecture
FRC,graph,mlp,0.7361111243565878,0.7583333452542623,0.4944444696108501,0.7361111243565878,Approximate independence assumption; exact requires predictions.npy per architecture
F,joint,joint_co,1.0,1.0,1.0,1.0,Approximate independence assumption; exact requires predictions.npy per architecture
R,joint,joint_co,0.5444444318612417,0.5638888974984487,0.10833332935969042,0.5444444318612417,Approximate independence assumption; exact requires predictions.npy per architecture
C,joint,joint_co,0.9638888835906982,0.9722222288449606,0.9361111124356589,0.9638888835906982,Approximate independence assumption; exact requires predictions.npy per architecture
FR,joint,joint_co,0.7444444298744202,0.7416666547457377,0.48611108462015773,0.7416666547457377,Approximate independence assumption; exact requires predictions.npy per architecture
RC,joint,joint_co,0.5083333452542623,0.522222230831782,0.03055557608604431,0.5083333452542623,Approximate independence assumption; exact requires predictions.npy per architecture
FC,joint,joint_co,0.9888888994852701,0.9972222248713175,0.9861111243565877,0.9888888994852701,Approximate independence assumption; exact requires predictions.npy per architecture
FRC,joint,joint_co,0.7388888994852701,0.7194444537162781,0.4583333532015481,0.7194444537162781,Approximate independence assumption; exact requires predictions.npy per architecture
F,joint,joint_co_d3,1.0,1.0,1.0,1.0,Approximate independence assumption; exact requires predictions.npy per architecture
R,joint,joint_co_d3,0.5444444318612417,0.6416666706403097,0.18611110250155138,0.5444444318612417,Approximate independence assumption; exact requires predictions.npy per architecture
C,joint,joint_co_d3,0.9638888835906982,0.9833333492279053,0.9472222328186035,0.9638888835906982,Approximate independence assumption; exact requires predictions.npy per architecture
FR,joint,joint_co_d3,0.7444444298744202,0.7083333532015482,0.4527777830759683,0.7083333532015482,Approximate independence assumption; exact requires predictions.npy per architecture
RC,joint,joint_co_d3,0.5083333452542623,0.6027777791023254,0.11111112435658788,0.5083333452542623,Approximate independence assumption; exact requires predictions.npy per architecture
FC,joint,joint_co_d3,0.9888888994852701,0.9805555542310079,0.9694444537162781,0.9805555542310079,Approximate independence assumption; exact requires predictions.npy per architecture
FRC,joint,joint_co_d3,0.7388888994852701,0.7472222248713175,0.48611112435658765,0.7388888994852701,Approximate independence assumption; exact requires predictions.npy per architecture
F,joint,mlp,1.0,1.0,1.0,1.0,Approximate independence assumption; exact requires predictions.npy per architecture
R,joint,mlp,0.5444444318612417,0.5749999980131785,0.11944442987442017,0.5444444318612417,Approximate independence assumption; exact requires predictions.npy per architecture
C,joint,mlp,0.9638888835906982,0.49166665474573773,0.45555553833643603,0.49166665474573773,Approximate independence assumption; exact requires predictions.npy per architecture
FR,joint,mlp,0.7444444298744202,0.7222222089767456,0.46666663885116577,0.7222222089767456,Approximate independence assumption; exact requires predictions.npy per architecture
RC,joint,mlp,0.5083333452542623,0.48888887961705524,0.0,0.48888887961705524,Approximate independence assumption; exact requires predictions.npy per architecture
FC,joint,mlp,0.9888888994852701,1.0,0.98888889948527,0.9888888994852701,Approximate independence assumption; exact requires predictions.npy per architecture
FRC,joint,mlp,0.7388888994852701,0.7583333452542623,0.49722224473953247,0.7388888994852701,Approximate independence assumption; exact requires predictions.npy per architecture
F,joint_co,joint_co_d3,1.0,1.0,1.0,1.0,Approximate independence assumption; exact requires predictions.npy per architecture
R,joint_co,joint_co_d3,0.5638888974984487,0.6416666706403097,0.20555556813875842,0.5638888974984487,Approximate independence assumption; exact requires predictions.npy per architecture
C,joint_co,joint_co_d3,0.9722222288449606,0.9833333492279053,0.955555578072866,0.9722222288449606,Approximate independence assumption; exact requires predictions.npy per architecture
FR,joint_co,joint_co_d3,0.7416666547457377,0.7083333532015482,0.4500000079472859,0.7083333532015482,Approximate independence assumption; exact requires predictions.npy per architecture
RC,joint_co,joint_co_d3,0.522222230831782,0.6027777791023254,0.12500000993410731,0.522222230831782,Approximate independence assumption; exact requires predictions.npy per architecture
FC,joint_co,joint_co_d3,0.9972222248713175,0.9805555542310079,0.9777777791023254,0.9805555542310079,Approximate independence assumption; exact requires predictions.npy per architecture
FRC,joint_co,joint_co_d3,0.7194444537162781,0.7472222248713175,0.4666666785875955,0.7194444537162781,Approximate independence assumption; exact requires predictions.npy per architecture
F,joint_co,mlp,1.0,1.0,1.0,1.0,Approximate independence assumption; exact requires predictions.npy per architecture
R,joint_co,mlp,0.5638888974984487,0.5749999980131785,0.1388888955116272,0.5638888974984487,Approximate independence assumption; exact requires predictions.npy per architecture
C,joint_co,mlp,0.9722222288449606,0.49166665474573773,0.46388888359069824,0.49166665474573773,Approximate independence assumption; exact requires predictions.npy per architecture
FR,joint_co,mlp,0.7416666547457377,0.7222222089767456,0.46388886372248317,0.7222222089767456,Approximate independence assumption; exact requires predictions.npy per architecture
RC,joint_co,mlp,0.522222230831782,0.48888887961705524,0.01111111044883728,0.48888887961705524,Approximate independence assumption; exact requires predictions.npy per architecture
FC,joint_co,mlp,0.9972222248713175,1.0,0.9972222248713174,0.9972222248713175,Approximate independence assumption; exact requires predictions.npy per architecture
FRC,joint_co,mlp,0.7194444537162781,0.7583333452542623,0.4777777989705405,0.7194444537162781,Approximate independence assumption; exact requires predictions.npy per architecture
F,joint_co_d3,mlp,1.0,1.0,1.0,1.0,Approximate independence assumption; exact requires predictions.npy per architecture
R,joint_co_d3,mlp,0.6416666706403097,0.5749999980131785,0.21666666865348816,0.5749999980131785,Approximate independence assumption; exact requires predictions.npy per architecture
C,joint_co_d3,mlp,0.9833333492279053,0.49166665474573773,0.47500000397364306,0.49166665474573773,Approximate independence assumption; exact requires predictions.npy per architecture
FR,joint_co_d3,mlp,0.7083333532015482,0.7222222089767456,0.4305555621782937,0.7083333532015482,Approximate independence assumption; exact requires predictions.npy per architecture
RC,joint_co_d3,mlp,0.6027777791023254,0.48888887961705524,0.09166665871938062,0.48888887961705524,Approximate independence assumption; exact requires predictions.npy per architecture
FC,joint_co_d3,mlp,0.9805555542310079,1.0,0.980555554231008,0.9805555542310079,Approximate independence assumption; exact requires predictions.npy per architecture
FRC,joint_co_d3,mlp,0.7472222248713175,0.7583333452542623,0.5055555701255798,0.7472222248713175,Approximate independence assumption; exact requires predictions.npy per architecture
