seed,shift_type,severity,policy,accuracy,flops,decision_preservation
11,magnitude_scaling,mild,Balanced (λ=0.10),0.9319444444444445,27730.0,0.9986111111111111
11,magnitude_scaling,mild,Accuracy-first (λ=0.01),0.9319444444444445,28392.0,0.7486111111111111
11,magnitude_scaling,mild,Fixed Attention V2,0.6694444444444444,46296.0,0.4152777777777778
11,magnitude_scaling,mild,Fixed Graph,0.6152777777777778,8112.0,0.4166666666666667
11,magnitude_scaling,moderate,Balanced (λ=0.10),0.9097222222222222,27730.0,0.9986111111111111
11,magnitude_scaling,moderate,Accuracy-first (λ=0.01),0.9083333333333333,28338.966666666667,0.7472222222222222
11,magnitude_scaling,moderate,Fixed Attention V2,0.6680555555555555,46296.0,0.4152777777777778
11,magnitude_scaling,moderate,Fixed Graph,0.6013888888888889,8112.0,0.4166666666666667
11,magnitude_scaling,strong,Balanced (λ=0.10),0.8847222222222222,30117.4,0.9347222222222222
11,magnitude_scaling,strong,Accuracy-first (λ=0.01),0.8847222222222222,29766.966666666667,0.7944444444444444
11,magnitude_scaling,strong,Fixed Attention V2,0.6680555555555555,46296.0,0.4152777777777778
11,magnitude_scaling,strong,Fixed Graph,0.5736111111111111,8112.0,0.4166666666666667
11,additive_noise,mild,Balanced (λ=0.10),0.925,27678.1,1.0
11,additive_noise,mild,Accuracy-first (λ=0.01),0.9138888888888889,28392.0,0.7486111111111111
11,additive_noise,mild,Fixed Attention V2,0.6541666666666667,46296.0,0.4152777777777778
11,additive_noise,mild,Fixed Graph,0.6138888888888889,8112.0,0.4166666666666667
11,additive_noise,moderate,Balanced (λ=0.10),0.8694444444444445,29599.533333333333,0.9472222222222222
11,additive_noise,moderate,Accuracy-first (λ=0.01),0.8527777777777777,28498.066666666666,0.7458333333333333
11,additive_noise,moderate,Fixed Attention V2,0.6333333333333333,46296.0,0.4152777777777778
11,additive_noise,moderate,Fixed Graph,0.6,8112.0,0.4166666666666667
11,additive_noise,strong,Balanced (λ=0.10),0.7597222222222222,31114.833333333332,0.8986111111111111
11,additive_noise,strong,Accuracy-first (λ=0.01),0.7402777777777778,32707.633333333335,0.6430555555555556
11,additive_noise,strong,Fixed Attention V2,0.5680555555555555,46296.0,0.4152777777777778
11,additive_noise,strong,Fixed Graph,0.5930555555555556,8112.0,0.4166666666666667
11,variance_contrast,mild,Balanced (λ=0.10),0.9208333333333333,27262.9,0.9888888888888889
11,variance_contrast,mild,Accuracy-first (λ=0.01),0.9236111111111112,28338.966666666667,0.7472222222222222
11,variance_contrast,mild,Fixed Attention V2,0.6638888888888889,46296.0,0.4152777777777778
11,variance_contrast,mild,Fixed Graph,0.5944444444444444,8112.0,0.4166666666666667
11,variance_contrast,moderate,Balanced (λ=0.10),0.9208333333333333,27730.0,0.9986111111111111
11,variance_contrast,moderate,Accuracy-first (λ=0.01),0.9208333333333333,28392.0,0.7486111111111111
11,variance_contrast,moderate,Fixed Attention V2,0.6680555555555555,46296.0,0.4152777777777778
11,variance_contrast,moderate,Fixed Graph,0.5986111111111111,8112.0,0.4166666666666667
11,variance_contrast,strong,Balanced (λ=0.10),0.8819444444444444,27730.0,0.9986111111111111
11,variance_contrast,strong,Accuracy-first (λ=0.01),0.8805555555555555,28392.0,0.7486111111111111
11,variance_contrast,strong,Fixed Attention V2,0.6694444444444444,46296.0,0.4152777777777778
11,variance_contrast,strong,Fixed Graph,0.5611111111111111,8112.0,0.4166666666666667
23,magnitude_scaling,mild,Balanced (λ=0.10),0.9138888888888889,22096.0,1.0
23,magnitude_scaling,mild,Accuracy-first (λ=0.01),0.9138888888888889,22096.0,1.0
23,magnitude_scaling,mild,Fixed Attention V2,0.6833333333333333,46296.0,0.3333333333333333
23,magnitude_scaling,mild,Fixed Graph,0.5763888888888888,8112.0,0.4166666666666667
23,magnitude_scaling,moderate,Balanced (λ=0.10),0.9152777777777777,22096.0,1.0
23,magnitude_scaling,moderate,Accuracy-first (λ=0.01),0.9152777777777777,22096.0,1.0
23,magnitude_scaling,moderate,Fixed Attention V2,0.6680555555555555,46296.0,0.3333333333333333
23,magnitude_scaling,moderate,Fixed Graph,0.5791666666666667,8112.0,0.4166666666666667
23,magnitude_scaling,strong,Balanced (λ=0.10),0.8972222222222223,22096.0,1.0
23,magnitude_scaling,strong,Accuracy-first (λ=0.01),0.8972222222222223,22096.0,1.0
23,magnitude_scaling,strong,Fixed Attention V2,0.6638888888888889,46296.0,0.3333333333333333
23,magnitude_scaling,strong,Fixed Graph,0.5708333333333333,8112.0,0.4166666666666667
23,additive_noise,mild,Balanced (λ=0.10),0.9138888888888889,22096.0,1.0
23,additive_noise,mild,Accuracy-first (λ=0.01),0.9138888888888889,22096.0,1.0
23,additive_noise,mild,Fixed Attention V2,0.6875,46296.0,0.3333333333333333
23,additive_noise,mild,Fixed Graph,0.5930555555555556,8112.0,0.4166666666666667
23,additive_noise,moderate,Balanced (λ=0.10),0.8916666666666667,22096.0,1.0
23,additive_noise,moderate,Accuracy-first (λ=0.01),0.8916666666666667,22097.133333333335,0.9986111111111111
23,additive_noise,moderate,Fixed Attention V2,0.6402777777777777,46296.0,0.3333333333333333
23,additive_noise,moderate,Fixed Graph,0.6013888888888889,8112.0,0.4166666666666667
23,additive_noise,strong,Balanced (λ=0.10),0.8222222222222222,21989.933333333334,0.9944444444444445
23,additive_noise,strong,Accuracy-first (λ=0.01),0.8166666666666667,23324.833333333332,0.9541666666666667
23,additive_noise,strong,Fixed Attention V2,0.5805555555555556,46296.0,0.3333333333333333
23,additive_noise,strong,Fixed Graph,0.6041666666666666,8112.0,0.4166666666666667
23,variance_contrast,mild,Balanced (λ=0.10),0.8847222222222222,22096.0,1.0
23,variance_contrast,mild,Accuracy-first (λ=0.01),0.8833333333333333,22097.133333333335,0.9986111111111111
23,variance_contrast,mild,Fixed Attention V2,0.6986111111111111,46296.0,0.3333333333333333
23,variance_contrast,mild,Fixed Graph,0.5569444444444445,8112.0,0.4166666666666667
23,variance_contrast,moderate,Balanced (λ=0.10),0.9138888888888889,22096.0,1.0
23,variance_contrast,moderate,Accuracy-first (λ=0.01),0.9138888888888889,22096.0,1.0
23,variance_contrast,moderate,Fixed Attention V2,0.6861111111111111,46296.0,0.3333333333333333
23,variance_contrast,moderate,Fixed Graph,0.5819444444444445,8112.0,0.4166666666666667
23,variance_contrast,strong,Balanced (λ=0.10),0.9125,22096.0,1.0
23,variance_contrast,strong,Accuracy-first (λ=0.01),0.9125,22096.0,1.0
23,variance_contrast,strong,Fixed Attention V2,0.6902777777777778,46296.0,0.3333333333333333
23,variance_contrast,strong,Fixed Graph,0.5805555555555556,8112.0,0.4166666666666667
37,magnitude_scaling,mild,Balanced (λ=0.10),0.9027777777777778,22096.0,0.9986111111111111
37,magnitude_scaling,mild,Accuracy-first (λ=0.01),0.9027777777777778,27730.0,0.8319444444444445
37,magnitude_scaling,mild,Fixed Attention V2,0.6638888888888889,46296.0,0.33194444444444443
37,magnitude_scaling,mild,Fixed Graph,0.5458333333333333,8112.0,0.41805555555555557
37,magnitude_scaling,moderate,Balanced (λ=0.10),0.875,22096.0,0.9986111111111111
37,magnitude_scaling,moderate,Accuracy-first (λ=0.01),0.875,27730.0,0.8319444444444445
37,magnitude_scaling,moderate,Fixed Attention V2,0.6625,46296.0,0.33194444444444443
37,magnitude_scaling,moderate,Fixed Graph,0.5305555555555556,8112.0,0.41805555555555557
37,magnitude_scaling,strong,Balanced (λ=0.10),0.8666666666666667,22096.0,0.9986111111111111
37,magnitude_scaling,strong,Accuracy-first (λ=0.01),0.8666666666666667,27731.133333333335,0.8305555555555556
37,magnitude_scaling,strong,Fixed Attention V2,0.6625,46296.0,0.33194444444444443
37,magnitude_scaling,strong,Fixed Graph,0.5305555555555556,8112.0,0.41805555555555557
37,additive_noise,mild,Balanced (λ=0.10),0.9166666666666666,21831.966666666667,0.9944444444444445
37,additive_noise,mild,Accuracy-first (λ=0.01),0.9208333333333333,27730.0,0.8319444444444445
37,additive_noise,mild,Fixed Attention V2,0.6486111111111111,46296.0,0.33194444444444443
37,additive_noise,mild,Fixed Graph,0.5652777777777778,8112.0,0.41805555555555557
37,additive_noise,moderate,Balanced (λ=0.10),0.8416666666666667,17264.766666666666,0.8708333333333333
37,additive_noise,moderate,Accuracy-first (λ=0.01),0.8805555555555555,27836.066666666666,0.8291666666666667
37,additive_noise,moderate,Fixed Attention V2,0.6361111111111111,46296.0,0.33194444444444443
37,additive_noise,moderate,Fixed Graph,0.5541666666666667,8112.0,0.41805555555555557
37,additive_noise,strong,Balanced (λ=0.10),0.7263888888888889,11564.833333333334,0.7041666666666667
37,additive_noise,strong,Accuracy-first (λ=0.01),0.7611111111111111,28684.6,0.8041666666666667
37,additive_noise,strong,Fixed Attention V2,0.6013888888888889,46296.0,0.33194444444444443
37,additive_noise,strong,Fixed Graph,0.5319444444444444,8112.0,0.41805555555555557
37,variance_contrast,mild,Balanced (λ=0.10),0.8944444444444445,19752.566666666666,0.9388888888888889
37,variance_contrast,mild,Accuracy-first (λ=0.01),0.9208333333333333,27730.0,0.8319444444444445
37,variance_contrast,mild,Fixed Attention V2,0.6541666666666667,46296.0,0.33194444444444443
37,variance_contrast,mild,Fixed Graph,0.5694444444444444,8112.0,0.41805555555555557
37,variance_contrast,moderate,Balanced (λ=0.10),0.8902777777777777,22096.0,0.9986111111111111
37,variance_contrast,moderate,Accuracy-first (λ=0.01),0.8902777777777777,27730.0,0.8319444444444445
37,variance_contrast,moderate,Fixed Attention V2,0.6625,46296.0,0.33194444444444443
37,variance_contrast,moderate,Fixed Graph,0.5458333333333333,8112.0,0.41805555555555557
37,variance_contrast,strong,Balanced (λ=0.10),0.8625,22096.0,0.9986111111111111
37,variance_contrast,strong,Accuracy-first (λ=0.01),0.8625,27730.0,0.8319444444444445
37,variance_contrast,strong,Fixed Attention V2,0.6666666666666666,46296.0,0.33194444444444443
37,variance_contrast,strong,Fixed Graph,0.5208333333333334,8112.0,0.41805555555555557
